epochs,batch_size,init_lr,lr_red,model_depth,loss,kernel_size,auc
15.0,16.0,0.001,yes,6.0,bce,"(20, 10, 5)",0.8266728401334588
15.0,16.0,0.001,yes,6.0,bce,"(40, 20, 10)",0.8539871598117351
15.0,16.0,0.001,yes,6.0,bce,"(60, 30, 15)",0.8704825466035099
15.0,16.0,0.001,yes,6.0,wbce,"(20, 10, 5)",0.7663183739957345
15.0,16.0,0.001,yes,6.0,wbce,"(40, 20, 10)",0.8503065381880203
15.0,16.0,0.001,yes,6.0,wbce,"(60, 30, 15)",0.8637991313810315
15.0,16.0,0.001,yes,9.0,bce,"(20, 10, 5)",0.8345407299160946
15.0,16.0,0.001,yes,9.0,bce,"(40, 20, 10)",0.8554800638138529
15.0,16.0,0.001,yes,9.0,bce,"(60, 30, 15)",0.8890243214994102
15.0,16.0,0.001,yes,9.0,wbce,"(20, 10, 5)",0.7926455277561589
15.0,16.0,0.001,yes,9.0,wbce,"(40, 20, 10)",0.8789147031813259
15.0,16.0,0.001,yes,9.0,wbce,"(60, 30, 15)",0.8894655353870277
15.0,16.0,0.001,yes,12.0,bce,"(20, 10, 5)",0.8485005702161897
15.0,16.0,0.001,yes,12.0,bce,"(40, 20, 10)",0.8743572057477396
15.0,16.0,0.001,yes,12.0,bce,"(60, 30, 15)",0.8774772927724843
15.0,16.0,0.001,yes,12.0,wbce,"(20, 10, 5)",0.8414478263662364
15.0,16.0,0.001,yes,12.0,wbce,"(40, 20, 10)",0.8729208700809017
15.0,16.0,0.001,yes,12.0,wbce,"(60, 30, 15)",0.8950384587484885
15.0,16.0,0.001,no,6.0,bce,"(20, 10, 5)",0.881192886651784
15.0,16.0,0.001,no,6.0,bce,"(40, 20, 10)",0.8648103266529374
15.0,16.0,0.001,no,6.0,bce,"(60, 30, 15)",0.8730502760336726
15.0,16.0,0.001,no,6.0,wbce,"(20, 10, 5)",0.8403958479852215
15.0,16.0,0.001,no,6.0,wbce,"(40, 20, 10)",0.873627824705018
15.0,16.0,0.001,no,6.0,wbce,"(60, 30, 15)",0.8847454411513191
15.0,16.0,0.001,no,9.0,bce,"(20, 10, 5)",0.8754054201785103
15.0,16.0,0.001,no,9.0,bce,"(40, 20, 10)",0.887429631741241
15.0,16.0,0.001,no,9.0,bce,"(60, 30, 15)",0.8769903645206342
15.0,16.0,0.001,no,9.0,wbce,"(20, 10, 5)",0.8816089370030474
15.0,16.0,0.001,no,9.0,wbce,"(40, 20, 10)",0.8905082089144395
15.0,16.0,0.001,no,9.0,wbce,"(60, 30, 15)",0.8975545482860241
15.0,16.0,0.001,no,12.0,bce,"(20, 10, 5)",0.874380169514745
15.0,16.0,0.001,no,12.0,bce,"(40, 20, 10)",0.9066267956925876
15.0,16.0,0.001,no,12.0,bce,"(60, 30, 15)",0.873568855162373
15.0,16.0,0.001,no,12.0,wbce,"(20, 10, 5)",0.8773689156851697
15.0,16.0,0.001,no,12.0,wbce,"(40, 20, 10)",0.885535610353588
15.0,16.0,0.001,no,12.0,wbce,"(60, 30, 15)",0.8777212287934937
15.0,16.0,0.0001,yes,6.0,bce,"(20, 10, 5)",0.6704134720893576
15.0,16.0,0.0001,yes,6.0,bce,"(40, 20, 10)",0.7125223896168823
15.0,16.0,0.0001,yes,6.0,bce,"(60, 30, 15)",0.7583064671024909
15.0,16.0,0.0001,yes,6.0,wbce,"(20, 10, 5)",0.6419942743866476
15.0,16.0,0.0001,yes,6.0,wbce,"(40, 20, 10)",0.7258000778841232
15.0,16.0,0.0001,yes,6.0,wbce,"(60, 30, 15)",0.7596346563242956
15.0,16.0,0.0001,yes,9.0,bce,"(20, 10, 5)",0.7078933697934082
15.0,16.0,0.0001,yes,9.0,bce,"(40, 20, 10)",0.7680808394266548
15.0,16.0,0.0001,yes,9.0,bce,"(60, 30, 15)",0.7784954891148071
15.0,16.0,0.0001,yes,9.0,wbce,"(20, 10, 5)",0.6730908877208129
15.0,16.0,0.0001,yes,9.0,wbce,"(40, 20, 10)",0.7382730157041987
15.0,16.0,0.0001,yes,9.0,wbce,"(60, 30, 15)",0.7565360588995862
15.0,16.0,0.0001,yes,12.0,bce,"(20, 10, 5)",0.7272546045550049
15.0,16.0,0.0001,yes,12.0,bce,"(40, 20, 10)",0.7773356250705635
15.0,16.0,0.0001,yes,12.0,bce,"(60, 30, 15)",0.8001725604081757
15.0,16.0,0.0001,yes,12.0,wbce,"(20, 10, 5)",0.7102925150043441
15.0,16.0,0.0001,yes,12.0,wbce,"(40, 20, 10)",0.7639752614017649
15.0,16.0,0.0001,yes,12.0,wbce,"(60, 30, 15)",0.7408655581829943
15.0,16.0,0.0001,no,6.0,bce,"(20, 10, 5)",0.821918074012088
15.0,16.0,0.0001,no,6.0,bce,"(40, 20, 10)",0.8675601514470869
15.0,16.0,0.0001,no,6.0,bce,"(60, 30, 15)",0.8706476171840162
15.0,16.0,0.0001,no,6.0,wbce,"(20, 10, 5)",0.8333517184788981
15.0,16.0,0.0001,no,6.0,wbce,"(40, 20, 10)",0.8430680349070663
15.0,16.0,0.0001,no,6.0,wbce,"(60, 30, 15)",0.8751543008770019
15.0,16.0,0.0001,no,9.0,bce,"(20, 10, 5)",0.8615141429612226
15.0,16.0,0.0001,no,9.0,bce,"(40, 20, 10)",0.8667997901080797
15.0,16.0,0.0001,no,9.0,bce,"(60, 30, 15)",0.858925837986256
15.0,16.0,0.0001,no,9.0,wbce,"(20, 10, 5)",0.8672177772284709
15.0,16.0,0.0001,no,9.0,wbce,"(40, 20, 10)",0.8871018799220897
15.0,16.0,0.0001,no,9.0,wbce,"(60, 30, 15)",0.873143324193633
15.0,16.0,0.0001,no,12.0,bce,"(20, 10, 5)",0.8453000823665905
15.0,16.0,0.0001,no,12.0,bce,"(40, 20, 10)",0.828939574671903
15.0,16.0,0.0001,no,12.0,bce,"(60, 30, 15)",0.8929420978555885
15.0,16.0,0.0001,no,12.0,wbce,"(20, 10, 5)",0.8511136643983163
15.0,16.0,0.0001,no,12.0,wbce,"(40, 20, 10)",0.8565245294479497
15.0,16.0,0.0001,no,12.0,wbce,"(60, 30, 15)",0.8792392261613168
15.0,16.0,1e-05,yes,6.0,bce,"(20, 10, 5)",0.6730918140780799
15.0,16.0,1e-05,yes,6.0,bce,"(40, 20, 10)",0.6497582924308718
15.0,16.0,1e-05,yes,6.0,bce,"(60, 30, 15)",0.6841394375733447
15.0,16.0,1e-05,yes,6.0,wbce,"(20, 10, 5)",0.650533149771106
15.0,16.0,1e-05,yes,6.0,wbce,"(40, 20, 10)",0.6806060091309375
15.0,16.0,1e-05,yes,6.0,wbce,"(60, 30, 15)",0.6933064147005293
15.0,16.0,1e-05,yes,9.0,bce,"(20, 10, 5)",0.658440381664271
15.0,16.0,1e-05,yes,9.0,bce,"(40, 20, 10)",0.6414879577595931
15.0,16.0,1e-05,yes,9.0,bce,"(60, 30, 15)",0.7162040001890212
15.0,16.0,1e-05,yes,9.0,wbce,"(20, 10, 5)",0.6598180103332373
15.0,16.0,1e-05,yes,9.0,wbce,"(40, 20, 10)",0.6764351811981091
15.0,16.0,1e-05,yes,9.0,wbce,"(60, 30, 15)",0.6358740040620927
15.0,16.0,1e-05,yes,12.0,bce,"(20, 10, 5)",0.6228405210146195
15.0,16.0,1e-05,yes,12.0,bce,"(40, 20, 10)",0.6314136570215991
15.0,16.0,1e-05,yes,12.0,bce,"(60, 30, 15)",0.6974838469332997
15.0,16.0,1e-05,yes,12.0,wbce,"(20, 10, 5)",0.6540387728340195
15.0,16.0,1e-05,yes,12.0,wbce,"(40, 20, 10)",0.6905445175032896
15.0,16.0,1e-05,yes,12.0,wbce,"(60, 30, 15)",0.6678250017718473
15.0,16.0,1e-05,no,6.0,bce,"(20, 10, 5)",0.6941549285170755
15.0,16.0,1e-05,no,6.0,bce,"(40, 20, 10)",0.8119221513210936
15.0,16.0,1e-05,no,6.0,bce,"(60, 30, 15)",0.8058446872197068
15.0,16.0,1e-05,no,6.0,wbce,"(20, 10, 5)",0.6836564836810598
15.0,16.0,1e-05,no,6.0,wbce,"(40, 20, 10)",0.7426270438700352
15.0,16.0,1e-05,no,6.0,wbce,"(60, 30, 15)",0.8000506031815492
15.0,16.0,1e-05,no,9.0,bce,"(20, 10, 5)",0.724601334788777
15.0,16.0,1e-05,no,9.0,bce,"(40, 20, 10)",0.810637506523863
15.0,16.0,1e-05,no,9.0,bce,"(60, 30, 15)",0.863951035895086
15.0,16.0,1e-05,no,9.0,wbce,"(20, 10, 5)",0.7053847532012849
15.0,16.0,1e-05,no,9.0,wbce,"(40, 20, 10)",0.7877573968614172
15.0,16.0,1e-05,no,9.0,wbce,"(60, 30, 15)",0.8228684290859345
15.0,16.0,1e-05,no,12.0,bce,"(20, 10, 5)",0.7539060432407033
15.0,16.0,1e-05,no,12.0,bce,"(40, 20, 10)",0.8322067445889044
15.0,16.0,1e-05,no,12.0,bce,"(60, 30, 15)",0.8689482102882174
15.0,16.0,1e-05,no,12.0,wbce,"(20, 10, 5)",0.740618071085713
15.0,16.0,1e-05,no,12.0,wbce,"(40, 20, 10)",0.8479862527844234
15.0,16.0,1e-05,no,12.0,wbce,"(60, 30, 15)",0.8490469323540227
15.0,32.0,0.001,yes,6.0,bce,"(20, 10, 5)",0.7803629088523794
15.0,32.0,0.001,yes,6.0,bce,"(40, 20, 10)",0.834674210430113
15.0,32.0,0.001,yes,6.0,bce,"(60, 30, 15)",0.8719943782554246
15.0,32.0,0.001,yes,6.0,wbce,"(20, 10, 5)",0.7394525486832969
15.0,32.0,0.001,yes,6.0,wbce,"(40, 20, 10)",0.8498518129049982
15.0,32.0,0.001,yes,6.0,wbce,"(60, 30, 15)",0.8502708017141706
15.0,32.0,0.001,yes,9.0,bce,"(20, 10, 5)",0.8128365223516522
15.0,32.0,0.001,yes,9.0,bce,"(40, 20, 10)",0.8762175656291807
15.0,32.0,0.001,yes,9.0,bce,"(60, 30, 15)",0.899636960843853
15.0,32.0,0.001,yes,9.0,wbce,"(20, 10, 5)",0.7359695737875659
15.0,32.0,0.001,yes,9.0,wbce,"(40, 20, 10)",0.8663245161346418
15.0,32.0,0.001,yes,9.0,wbce,"(60, 30, 15)",0.843030223170082
15.0,32.0,0.001,yes,12.0,bce,"(20, 10, 5)",0.8130494636951392
15.0,32.0,0.001,yes,12.0,bce,"(40, 20, 10)",0.8484066358283386
15.0,32.0,0.001,yes,12.0,bce,"(60, 30, 15)",0.8549085969367534
15.0,32.0,0.001,yes,12.0,wbce,"(20, 10, 5)",0.7916605137931146
15.0,32.0,0.001,yes,12.0,wbce,"(40, 20, 10)",0.8693037117222934
15.0,32.0,0.001,yes,12.0,wbce,"(60, 30, 15)",0.8544366368065336
15.0,32.0,0.001,no,6.0,bce,"(20, 10, 5)",0.8770190096946059
15.0,32.0,0.001,no,6.0,bce,"(40, 20, 10)",0.8582598133220686
15.0,32.0,0.001,no,6.0,bce,"(60, 30, 15)",0.8693521542960997
15.0,32.0,0.001,no,6.0,wbce,"(20, 10, 5)",0.8747621567042555
15.0,32.0,0.001,no,6.0,wbce,"(40, 20, 10)",0.8565709738056907
15.0,32.0,0.001,no,6.0,wbce,"(60, 30, 15)",0.8500528089506386
15.0,32.0,0.001,no,9.0,bce,"(20, 10, 5)",0.8717867031130343
15.0,32.0,0.001,no,9.0,bce,"(40, 20, 10)",0.8845813412112458
15.0,32.0,0.001,no,9.0,bce,"(60, 30, 15)",0.8815188559927041
15.0,32.0,0.001,no,9.0,wbce,"(20, 10, 5)",0.8438824088831797
15.0,32.0,0.001,no,9.0,wbce,"(40, 20, 10)",0.8725233095543571
15.0,32.0,0.001,no,9.0,wbce,"(60, 30, 15)",0.8626164438355817
15.0,32.0,0.001,no,12.0,bce,"(20, 10, 5)",0.8388156546210418
15.0,32.0,0.001,no,12.0,bce,"(40, 20, 10)",0.8710856155233978
15.0,32.0,0.001,no,12.0,bce,"(60, 30, 15)",0.8617355987012195
15.0,32.0,0.001,no,12.0,wbce,"(20, 10, 5)",0.8617313415463329
15.0,32.0,0.001,no,12.0,wbce,"(40, 20, 10)",0.8674953097945158
15.0,32.0,0.001,no,12.0,wbce,"(60, 30, 15)",0.8371985467443416
15.0,32.0,0.0001,yes,6.0,bce,"(20, 10, 5)",0.7065695046448132
15.0,32.0,0.0001,yes,6.0,bce,"(40, 20, 10)",0.742575217612656
15.0,32.0,0.0001,yes,6.0,bce,"(60, 30, 15)",0.7646651401397601
15.0,32.0,0.0001,yes,6.0,wbce,"(20, 10, 5)",0.6501062105719884
15.0,32.0,0.0001,yes,6.0,wbce,"(40, 20, 10)",0.6964370211497424
15.0,32.0,0.0001,yes,6.0,wbce,"(60, 30, 15)",0.7465180030091386
15.0,32.0,0.0001,yes,9.0,bce,"(20, 10, 5)",0.7336025608791642
15.0,32.0,0.0001,yes,9.0,bce,"(40, 20, 10)",0.7318642379051394
15.0,32.0,0.0001,yes,9.0,bce,"(60, 30, 15)",0.7772939188987839
15.0,32.0,0.0001,yes,9.0,wbce,"(20, 10, 5)",0.6958935707996199
15.0,32.0,0.0001,yes,9.0,wbce,"(40, 20, 10)",0.6910376119649501
15.0,32.0,0.0001,yes,9.0,wbce,"(60, 30, 15)",0.7487454750832535
15.0,32.0,0.0001,yes,12.0,bce,"(20, 10, 5)",0.7029104043096869
15.0,32.0,0.0001,yes,12.0,bce,"(40, 20, 10)",0.7677231163229434
15.0,32.0,0.0001,yes,12.0,bce,"(60, 30, 15)",0.765363607903725
15.0,32.0,0.0001,yes,12.0,wbce,"(20, 10, 5)",0.6587530538615392
15.0,32.0,0.0001,yes,12.0,wbce,"(40, 20, 10)",0.7169493227541287
15.0,32.0,0.0001,yes,12.0,wbce,"(60, 30, 15)",0.7556101826645397
15.0,32.0,0.0001,no,6.0,bce,"(20, 10, 5)",0.8041626887602621
15.0,32.0,0.0001,no,6.0,bce,"(40, 20, 10)",0.8760409385172946
15.0,32.0,0.0001,no,6.0,bce,"(60, 30, 15)",0.8781858990473409
15.0,32.0,0.0001,no,6.0,wbce,"(20, 10, 5)",0.7976519650087935
15.0,32.0,0.0001,no,6.0,wbce,"(40, 20, 10)",0.8417950636478685
15.0,32.0,0.0001,no,6.0,wbce,"(60, 30, 15)",0.8590866198030325
15.0,32.0,0.0001,no,9.0,bce,"(20, 10, 5)",0.8611608809355963
15.0,32.0,0.0001,no,9.0,bce,"(40, 20, 10)",0.8584978413567771
15.0,32.0,0.0001,no,9.0,bce,"(60, 30, 15)",0.8537246849472698
15.0,32.0,0.0001,no,9.0,wbce,"(20, 10, 5)",0.8493290968499001
15.0,32.0,0.0001,no,9.0,wbce,"(40, 20, 10)",0.868972478091
15.0,32.0,0.0001,no,9.0,wbce,"(60, 30, 15)",0.8527631798038874
15.0,32.0,0.0001,no,12.0,bce,"(20, 10, 5)",0.8574615322020609
15.0,32.0,0.0001,no,12.0,bce,"(40, 20, 10)",0.8714000003834698
15.0,32.0,0.0001,no,12.0,bce,"(60, 30, 15)",0.8596627268415166
15.0,32.0,0.0001,no,12.0,wbce,"(20, 10, 5)",0.8407461100953784
15.0,32.0,0.0001,no,12.0,wbce,"(40, 20, 10)",0.8742901899215555
15.0,32.0,0.0001,no,12.0,wbce,"(60, 30, 15)",0.8466797419154499
15.0,32.0,1e-05,yes,6.0,bce,"(20, 10, 5)",0.6730282607540663
15.0,32.0,1e-05,yes,6.0,bce,"(40, 20, 10)",0.6527772719666376
15.0,32.0,1e-05,yes,6.0,bce,"(60, 30, 15)",0.6833986494055746
15.0,32.0,1e-05,yes,6.0,wbce,"(20, 10, 5)",0.6484350228904973
15.0,32.0,1e-05,yes,6.0,wbce,"(40, 20, 10)",0.7025122701024723
15.0,32.0,1e-05,yes,6.0,wbce,"(60, 30, 15)",0.6165897038997831
15.0,32.0,1e-05,yes,9.0,bce,"(20, 10, 5)",0.6508971208087618
15.0,32.0,1e-05,yes,9.0,bce,"(40, 20, 10)",0.6881577915974817
15.0,32.0,1e-05,yes,9.0,bce,"(60, 30, 15)",0.6581244239202976
15.0,32.0,1e-05,yes,9.0,wbce,"(20, 10, 5)",0.6475510615234014
15.0,32.0,1e-05,yes,9.0,wbce,"(40, 20, 10)",0.6749102936843504
15.0,32.0,1e-05,yes,9.0,wbce,"(60, 30, 15)",0.6796762027028752
15.0,32.0,1e-05,yes,12.0,bce,"(20, 10, 5)",0.6335305795180921
15.0,32.0,1e-05,yes,12.0,bce,"(40, 20, 10)",0.674297044200365
15.0,32.0,1e-05,yes,12.0,bce,"(60, 30, 15)",0.6836000728157926
15.0,32.0,1e-05,yes,12.0,wbce,"(20, 10, 5)",0.6649758480839724
15.0,32.0,1e-05,yes,12.0,wbce,"(40, 20, 10)",0.6911744880414835
15.0,32.0,1e-05,yes,12.0,wbce,"(60, 30, 15)",0.6695366221099569
15.0,32.0,1e-05,no,6.0,bce,"(20, 10, 5)",0.7014373436292641
15.0,32.0,1e-05,no,6.0,bce,"(40, 20, 10)",0.7617201578648191
15.0,32.0,1e-05,no,6.0,bce,"(60, 30, 15)",0.7902362610042398
15.0,32.0,1e-05,no,6.0,wbce,"(20, 10, 5)",0.6637347672283352
15.0,32.0,1e-05,no,6.0,wbce,"(40, 20, 10)",0.7330214349116205
15.0,32.0,1e-05,no,6.0,wbce,"(60, 30, 15)",0.7611677845025634
15.0,32.0,1e-05,no,9.0,bce,"(20, 10, 5)",0.7284320955403958
15.0,32.0,1e-05,no,9.0,bce,"(40, 20, 10)",0.78936766826493
15.0,32.0,1e-05,no,9.0,bce,"(60, 30, 15)",0.8380861213637787
15.0,32.0,1e-05,no,9.0,wbce,"(20, 10, 5)",0.6862464986574359
15.0,32.0,1e-05,no,9.0,wbce,"(40, 20, 10)",0.7301043702122666
15.0,32.0,1e-05,no,9.0,wbce,"(60, 30, 15)",0.8333354519559228
15.0,32.0,1e-05,no,12.0,bce,"(20, 10, 5)",0.7336316099155176
15.0,32.0,1e-05,no,12.0,bce,"(40, 20, 10)",0.8007951048336092
15.0,32.0,1e-05,no,12.0,bce,"(60, 30, 15)",0.8100514249633194
15.0,32.0,1e-05,no,12.0,wbce,"(20, 10, 5)",0.7226884337793144
15.0,32.0,1e-05,no,12.0,wbce,"(40, 20, 10)",0.7790155834600204
15.0,32.0,1e-05,no,12.0,wbce,"(60, 30, 15)",0.7850950466890486
15.0,64.0,0.001,yes,6.0,bce,"(20, 10, 5)",0.7495758556397871
15.0,64.0,0.001,yes,6.0,bce,"(40, 20, 10)",0.8315753862271041
15.0,64.0,0.001,yes,6.0,bce,"(60, 30, 15)",0.8710055127271756
15.0,64.0,0.001,yes,6.0,wbce,"(20, 10, 5)",0.7364576670481578
15.0,64.0,0.001,yes,6.0,wbce,"(40, 20, 10)",0.787672598923249
15.0,64.0,0.001,yes,6.0,wbce,"(60, 30, 15)",0.8217612721350912
15.0,64.0,0.001,yes,9.0,bce,"(20, 10, 5)",0.8078801098622016
15.0,64.0,0.001,yes,9.0,bce,"(40, 20, 10)",0.8530087063487457
15.0,64.0,0.001,yes,9.0,bce,"(60, 30, 15)",0.8732578183137761
15.0,64.0,0.001,yes,9.0,wbce,"(20, 10, 5)",0.7315452720399928
15.0,64.0,0.001,yes,9.0,wbce,"(40, 20, 10)",0.7932894656816929
15.0,64.0,0.001,yes,9.0,wbce,"(60, 30, 15)",0.867402887859106
15.0,64.0,0.001,yes,12.0,bce,"(20, 10, 5)",0.7994359764145967
15.0,64.0,0.001,yes,12.0,bce,"(40, 20, 10)",0.8452146827877197
15.0,64.0,0.001,yes,12.0,bce,"(60, 30, 15)",0.8559008446423562
15.0,64.0,0.001,yes,12.0,wbce,"(20, 10, 5)",0.7760259045040621
15.0,64.0,0.001,yes,12.0,wbce,"(40, 20, 10)",0.8277374452654213
15.0,64.0,0.001,yes,12.0,wbce,"(60, 30, 15)",0.8539592000179564
15.0,64.0,0.001,no,6.0,bce,"(20, 10, 5)",0.8769205029052003
15.0,64.0,0.001,no,6.0,bce,"(40, 20, 10)",0.8809930544784161
15.0,64.0,0.001,no,6.0,bce,"(60, 30, 15)",0.8604459342254404
15.0,64.0,0.001,no,6.0,wbce,"(20, 10, 5)",0.8381307737817356
15.0,64.0,0.001,no,6.0,wbce,"(40, 20, 10)",0.8489315426117653
15.0,64.0,0.001,no,6.0,wbce,"(60, 30, 15)",0.8868635518220214
15.0,64.0,0.001,no,9.0,bce,"(20, 10, 5)",0.8895091162891887
15.0,64.0,0.001,no,9.0,bce,"(40, 20, 10)",0.8776826410523578
15.0,64.0,0.001,no,9.0,bce,"(60, 30, 15)",0.8683784074381743
15.0,64.0,0.001,no,9.0,wbce,"(20, 10, 5)",0.8873249911098829
15.0,64.0,0.001,no,9.0,wbce,"(40, 20, 10)",0.8809382174002659
15.0,64.0,0.001,no,9.0,wbce,"(60, 30, 15)",0.8291130969313669
15.0,64.0,0.001,no,12.0,bce,"(20, 10, 5)",0.8857606105544996
15.0,64.0,0.001,no,12.0,bce,"(40, 20, 10)",0.8561188827110603
15.0,64.0,0.001,no,12.0,bce,"(60, 30, 15)",0.8610793041595873
15.0,64.0,0.001,no,12.0,wbce,"(20, 10, 5)",0.8640878843425885
15.0,64.0,0.001,no,12.0,wbce,"(40, 20, 10)",0.883161719247803
15.0,64.0,0.001,no,12.0,wbce,"(60, 30, 15)",0.8548038763789768
15.0,64.0,0.0001,yes,6.0,bce,"(20, 10, 5)",0.7092343562363858
15.0,64.0,0.0001,yes,6.0,bce,"(40, 20, 10)",0.7304042248841339
15.0,64.0,0.0001,yes,6.0,bce,"(60, 30, 15)",0.7286558973649949
15.0,64.0,0.0001,yes,6.0,wbce,"(20, 10, 5)",0.6663103206444968
15.0,64.0,0.0001,yes,6.0,wbce,"(40, 20, 10)",0.697617849300233
15.0,64.0,0.0001,yes,6.0,wbce,"(60, 30, 15)",0.6983599795527718
15.0,64.0,0.0001,yes,9.0,bce,"(20, 10, 5)",0.6835177246500965
15.0,64.0,0.0001,yes,9.0,bce,"(40, 20, 10)",0.7484720911245689
15.0,64.0,0.0001,yes,9.0,bce,"(60, 30, 15)",0.7701504957712126
15.0,64.0,0.0001,yes,9.0,wbce,"(20, 10, 5)",0.7044240267619813
15.0,64.0,0.0001,yes,9.0,wbce,"(40, 20, 10)",0.7012506222466697
15.0,64.0,0.0001,yes,9.0,wbce,"(60, 30, 15)",0.7413704961879942
15.0,64.0,0.0001,yes,12.0,bce,"(20, 10, 5)",0.7091668781053918
15.0,64.0,0.0001,yes,12.0,bce,"(40, 20, 10)",0.7370649546346968
15.0,64.0,0.0001,yes,12.0,bce,"(60, 30, 15)",0.7575233706539258
15.0,64.0,0.0001,yes,12.0,wbce,"(20, 10, 5)",0.6711943291487925
15.0,64.0,0.0001,yes,12.0,wbce,"(40, 20, 10)",0.7192008846846197
15.0,64.0,0.0001,yes,12.0,wbce,"(60, 30, 15)",0.7262523497850387
15.0,64.0,0.0001,no,6.0,bce,"(20, 10, 5)",0.7918577448374879
15.0,64.0,0.0001,no,6.0,bce,"(40, 20, 10)",0.8785857108690371
15.0,64.0,0.0001,no,6.0,bce,"(60, 30, 15)",0.84945918552559
15.0,64.0,0.0001,no,6.0,wbce,"(20, 10, 5)",0.7871401288280993
15.0,64.0,0.0001,no,6.0,wbce,"(40, 20, 10)",0.8711614714892214
15.0,64.0,0.0001,no,6.0,wbce,"(60, 30, 15)",0.8756107100524755
15.0,64.0,0.0001,no,9.0,bce,"(20, 10, 5)",0.8295667141496298
15.0,64.0,0.0001,no,9.0,bce,"(40, 20, 10)",0.8698579646889945
15.0,64.0,0.0001,no,9.0,bce,"(60, 30, 15)",0.8711080264750057
15.0,64.0,0.0001,no,9.0,wbce,"(20, 10, 5)",0.8154081438586381
15.0,64.0,0.0001,no,9.0,wbce,"(40, 20, 10)",0.8888228382527837
15.0,64.0,0.0001,no,9.0,wbce,"(60, 30, 15)",0.8242159885808079
15.0,64.0,0.0001,no,12.0,bce,"(20, 10, 5)",0.8218261427235
15.0,64.0,0.0001,no,12.0,bce,"(40, 20, 10)",0.8732793846724117
15.0,64.0,0.0001,no,12.0,bce,"(60, 30, 15)",0.859804837238419
15.0,64.0,0.0001,no,12.0,wbce,"(20, 10, 5)",0.8445538719494959
15.0,64.0,0.0001,no,12.0,wbce,"(40, 20, 10)",0.8820428168136165
15.0,64.0,0.0001,no,12.0,wbce,"(60, 30, 15)",0.8697736263418103
15.0,64.0,1e-05,yes,6.0,bce,"(20, 10, 5)",0.6382276781755061
15.0,64.0,1e-05,yes,6.0,bce,"(40, 20, 10)",0.701856619508638
15.0,64.0,1e-05,yes,6.0,bce,"(60, 30, 15)",0.72827843648473
15.0,64.0,1e-05,yes,6.0,wbce,"(20, 10, 5)",0.6197896262849681
15.0,64.0,1e-05,yes,6.0,wbce,"(40, 20, 10)",0.6896782494754947
15.0,64.0,1e-05,yes,6.0,wbce,"(60, 30, 15)",0.6331992465523415
15.0,64.0,1e-05,yes,9.0,bce,"(20, 10, 5)",0.722028485823388
15.0,64.0,1e-05,yes,9.0,bce,"(40, 20, 10)",0.6562084036278721
15.0,64.0,1e-05,yes,9.0,bce,"(60, 30, 15)",0.6677275048437529
15.0,64.0,1e-05,yes,9.0,wbce,"(20, 10, 5)",0.6993083122219796
15.0,64.0,1e-05,yes,9.0,wbce,"(40, 20, 10)",0.6846687955759689
15.0,64.0,1e-05,yes,9.0,wbce,"(60, 30, 15)",0.6536963043014793
15.0,64.0,1e-05,yes,12.0,bce,"(20, 10, 5)",0.6449451357006475
15.0,64.0,1e-05,yes,12.0,bce,"(40, 20, 10)",0.6802202001399089
15.0,64.0,1e-05,yes,12.0,bce,"(60, 30, 15)",0.6713357410709997
15.0,64.0,1e-05,yes,12.0,wbce,"(20, 10, 5)",0.6973441029681512
15.0,64.0,1e-05,yes,12.0,wbce,"(40, 20, 10)",0.6616828284740918
15.0,64.0,1e-05,yes,12.0,wbce,"(60, 30, 15)",0.6772565729898008
15.0,64.0,1e-05,no,6.0,bce,"(20, 10, 5)",0.7048766722607295
15.0,64.0,1e-05,no,6.0,bce,"(40, 20, 10)",0.7682615428652713
15.0,64.0,1e-05,no,6.0,bce,"(60, 30, 15)",0.7935412373756033
15.0,64.0,1e-05,no,6.0,wbce,"(20, 10, 5)",0.6362366921437329
15.0,64.0,1e-05,no,6.0,wbce,"(40, 20, 10)",0.7262728158859416
15.0,64.0,1e-05,no,6.0,wbce,"(60, 30, 15)",0.7895667089530374
15.0,64.0,1e-05,no,9.0,bce,"(20, 10, 5)",0.7126633846914329
15.0,64.0,1e-05,no,9.0,bce,"(40, 20, 10)",0.7735764704125768
15.0,64.0,1e-05,no,9.0,bce,"(60, 30, 15)",0.7812861013241958
15.0,64.0,1e-05,no,9.0,wbce,"(20, 10, 5)",0.6873966590096853
15.0,64.0,1e-05,no,9.0,wbce,"(40, 20, 10)",0.7507692552109096
15.0,64.0,1e-05,no,9.0,wbce,"(60, 30, 15)",0.7730818775363698
15.0,64.0,1e-05,no,12.0,bce,"(20, 10, 5)",0.7671583073027769
15.0,64.0,1e-05,no,12.0,bce,"(40, 20, 10)",0.8122203080863525
15.0,64.0,1e-05,no,12.0,bce,"(60, 30, 15)",0.792901592059242
15.0,64.0,1e-05,no,12.0,wbce,"(20, 10, 5)",0.7353745624299989
15.0,64.0,1e-05,no,12.0,wbce,"(40, 20, 10)",0.7444094582398573
15.0,64.0,1e-05,no,12.0,wbce,"(60, 30, 15)",0.782857378856515
20.0,16.0,0.001,yes,6.0,bce,"(20, 10, 5)",0.7634373589058195
20.0,16.0,0.001,yes,6.0,bce,"(40, 20, 10)",0.874871191460138
20.0,16.0,0.001,yes,6.0,bce,"(60, 30, 15)",0.8607870618228417
20.0,16.0,0.001,yes,6.0,wbce,"(20, 10, 5)",0.7842764616701897
20.0,16.0,0.001,yes,6.0,wbce,"(40, 20, 10)",0.7921938490362873
20.0,16.0,0.001,yes,6.0,wbce,"(60, 30, 15)",0.8616930696777972
20.0,16.0,0.001,yes,9.0,bce,"(20, 10, 5)",0.8308453685304076
20.0,16.0,0.001,yes,9.0,bce,"(40, 20, 10)",0.8691570365309839
20.0,16.0,0.001,yes,9.0,bce,"(60, 30, 15)",0.8709173870135897
20.0,16.0,0.001,yes,9.0,wbce,"(20, 10, 5)",0.7920687515424034
20.0,16.0,0.001,yes,9.0,wbce,"(40, 20, 10)",0.8522811626614389
20.0,16.0,0.001,yes,9.0,wbce,"(60, 30, 15)",0.8855480677170949
20.0,16.0,0.001,yes,12.0,bce,"(20, 10, 5)",0.826437387701623
20.0,16.0,0.001,yes,12.0,bce,"(40, 20, 10)",0.8737282324572914
20.0,16.0,0.001,yes,12.0,bce,"(60, 30, 15)",0.8469615666337577
20.0,16.0,0.001,yes,12.0,wbce,"(20, 10, 5)",0.8302225630675414
20.0,16.0,0.001,yes,12.0,wbce,"(40, 20, 10)",0.8696909882231091
20.0,16.0,0.001,yes,12.0,wbce,"(60, 30, 15)",0.8809570324269274
20.0,16.0,0.001,no,6.0,bce,"(20, 10, 5)",0.8704692898080991
20.0,16.0,0.001,no,6.0,bce,"(40, 20, 10)",0.8787158715679007
20.0,16.0,0.001,no,6.0,bce,"(60, 30, 15)",0.9019086599517372
20.0,16.0,0.001,no,6.0,wbce,"(20, 10, 5)",0.8461797127666614
20.0,16.0,0.001,no,6.0,wbce,"(40, 20, 10)",0.8836570165451422
20.0,16.0,0.001,no,6.0,wbce,"(60, 30, 15)",0.8861467143190631
20.0,16.0,0.001,no,9.0,bce,"(20, 10, 5)",0.8818734499099149
20.0,16.0,0.001,no,9.0,bce,"(40, 20, 10)",0.8760372095847232
20.0,16.0,0.001,no,9.0,bce,"(60, 30, 15)",0.8772910620647488
20.0,16.0,0.001,no,9.0,wbce,"(20, 10, 5)",0.8531983767624202
20.0,16.0,0.001,no,9.0,wbce,"(40, 20, 10)",0.8649050911487327
20.0,16.0,0.001,no,9.0,wbce,"(60, 30, 15)",0.8682634887311268
20.0,16.0,0.001,no,12.0,bce,"(20, 10, 5)",0.8658246929290255
20.0,16.0,0.001,no,12.0,bce,"(40, 20, 10)",0.8790765365347665
20.0,16.0,0.001,no,12.0,bce,"(60, 30, 15)",0.8759197933806991
20.0,16.0,0.001,no,12.0,wbce,"(20, 10, 5)",0.8837715210972649
20.0,16.0,0.001,no,12.0,wbce,"(40, 20, 10)",0.8876975803262209
20.0,16.0,0.001,no,12.0,wbce,"(60, 30, 15)",0.874765959801302
20.0,16.0,0.0001,yes,6.0,bce,"(20, 10, 5)",0.6949970330765121
20.0,16.0,0.0001,yes,6.0,bce,"(40, 20, 10)",0.7000901590553882
20.0,16.0,0.0001,yes,6.0,bce,"(60, 30, 15)",0.7769795867876326
20.0,16.0,0.0001,yes,6.0,wbce,"(20, 10, 5)",0.6605842569653313
20.0,16.0,0.0001,yes,6.0,wbce,"(40, 20, 10)",0.7006538799961274
20.0,16.0,0.0001,yes,6.0,wbce,"(60, 30, 15)",0.6991591663726843
20.0,16.0,0.0001,yes,9.0,bce,"(20, 10, 5)",0.6885996434702578
20.0,16.0,0.0001,yes,9.0,bce,"(40, 20, 10)",0.7899192667009437
20.0,16.0,0.0001,yes,9.0,bce,"(60, 30, 15)",0.7907329527841784
20.0,16.0,0.0001,yes,9.0,wbce,"(20, 10, 5)",0.6606154191769916
20.0,16.0,0.0001,yes,9.0,wbce,"(40, 20, 10)",0.7504500012155696
20.0,16.0,0.0001,yes,9.0,wbce,"(60, 30, 15)",0.7616345462557295
20.0,16.0,0.0001,yes,12.0,bce,"(20, 10, 5)",0.6970522813160648
20.0,16.0,0.0001,yes,12.0,bce,"(40, 20, 10)",0.7886989630676138
20.0,16.0,0.0001,yes,12.0,bce,"(60, 30, 15)",0.8109184430445276
20.0,16.0,0.0001,yes,12.0,wbce,"(20, 10, 5)",0.7132962744118124
20.0,16.0,0.0001,yes,12.0,wbce,"(40, 20, 10)",0.7497806861421403
20.0,16.0,0.0001,yes,12.0,wbce,"(60, 30, 15)",0.7766066221289679
20.0,16.0,0.0001,no,6.0,bce,"(20, 10, 5)",0.8506573323396891
20.0,16.0,0.0001,no,6.0,bce,"(40, 20, 10)",0.8522237654805661
20.0,16.0,0.0001,no,6.0,bce,"(60, 30, 15)",0.8656210504192758
20.0,16.0,0.0001,no,6.0,wbce,"(20, 10, 5)",0.8318372591911571
20.0,16.0,0.0001,no,6.0,wbce,"(40, 20, 10)",0.8695931403478494
20.0,16.0,0.0001,no,6.0,wbce,"(60, 30, 15)",0.8568193472030655
20.0,16.0,0.0001,no,9.0,bce,"(20, 10, 5)",0.8210614911572095
20.0,16.0,0.0001,no,9.0,bce,"(40, 20, 10)",0.8501900307212419
20.0,16.0,0.0001,no,9.0,bce,"(60, 30, 15)",0.8728487996048883
20.0,16.0,0.0001,no,9.0,wbce,"(20, 10, 5)",0.8575590042096559
20.0,16.0,0.0001,no,9.0,wbce,"(40, 20, 10)",0.8763390419082452
20.0,16.0,0.0001,no,9.0,wbce,"(60, 30, 15)",0.8877908944377623
20.0,16.0,0.0001,no,12.0,bce,"(20, 10, 5)",0.832676401194221
20.0,16.0,0.0001,no,12.0,bce,"(40, 20, 10)",0.8576414067238235
20.0,16.0,0.0001,no,12.0,bce,"(60, 30, 15)",0.8757160051393873
20.0,16.0,0.0001,no,12.0,wbce,"(20, 10, 5)",0.8651336041855694
20.0,16.0,0.0001,no,12.0,wbce,"(40, 20, 10)",0.8738497787797965
20.0,16.0,0.0001,no,12.0,wbce,"(60, 30, 15)",0.907573470031358
20.0,16.0,1e-05,yes,6.0,bce,"(20, 10, 5)",0.6851633757775032
20.0,16.0,1e-05,yes,6.0,bce,"(40, 20, 10)",0.6875933248380416
20.0,16.0,1e-05,yes,6.0,bce,"(60, 30, 15)",0.7010224547373268
20.0,16.0,1e-05,yes,6.0,wbce,"(20, 10, 5)",0.6654449049388829
20.0,16.0,1e-05,yes,6.0,wbce,"(40, 20, 10)",0.6489796908960134
20.0,16.0,1e-05,yes,6.0,wbce,"(60, 30, 15)",0.683018010280057
20.0,16.0,1e-05,yes,9.0,bce,"(20, 10, 5)",0.6753542365324082
20.0,16.0,1e-05,yes,9.0,bce,"(40, 20, 10)",0.6703915824138589
20.0,16.0,1e-05,yes,9.0,bce,"(60, 30, 15)",0.7103811089960287
20.0,16.0,1e-05,yes,9.0,wbce,"(20, 10, 5)",0.6471732368000885
20.0,16.0,1e-05,yes,9.0,wbce,"(40, 20, 10)",0.6494832775946341
20.0,16.0,1e-05,yes,9.0,wbce,"(60, 30, 15)",0.685704776736295
20.0,16.0,1e-05,yes,12.0,bce,"(20, 10, 5)",0.6881995812011552
20.0,16.0,1e-05,yes,12.0,bce,"(40, 20, 10)",0.6711793954911763
20.0,16.0,1e-05,yes,12.0,bce,"(60, 30, 15)",0.6890320651761178
20.0,16.0,1e-05,yes,12.0,wbce,"(20, 10, 5)",0.6883699913531753
20.0,16.0,1e-05,yes,12.0,wbce,"(40, 20, 10)",0.6238329350078083
20.0,16.0,1e-05,yes,12.0,wbce,"(60, 30, 15)",0.6833578416403733
20.0,16.0,1e-05,no,6.0,bce,"(20, 10, 5)",0.7231455511462198
20.0,16.0,1e-05,no,6.0,bce,"(40, 20, 10)",0.8017327571266882
20.0,16.0,1e-05,no,6.0,bce,"(60, 30, 15)",0.8422690555541145
20.0,16.0,1e-05,no,6.0,wbce,"(20, 10, 5)",0.6653556178123029
20.0,16.0,1e-05,no,6.0,wbce,"(40, 20, 10)",0.7612582906289195
20.0,16.0,1e-05,no,6.0,wbce,"(60, 30, 15)",0.8499711470469782
20.0,16.0,1e-05,no,9.0,bce,"(20, 10, 5)",0.7904567364937884
20.0,16.0,1e-05,no,9.0,bce,"(40, 20, 10)",0.8445358708072538
20.0,16.0,1e-05,no,9.0,bce,"(60, 30, 15)",0.8638411339665493
20.0,16.0,1e-05,no,9.0,wbce,"(20, 10, 5)",0.7326254326414025
20.0,16.0,1e-05,no,9.0,wbce,"(40, 20, 10)",0.7987906047132602
20.0,16.0,1e-05,no,9.0,wbce,"(60, 30, 15)",0.8384666780548781
20.0,16.0,1e-05,no,12.0,bce,"(20, 10, 5)",0.8044234663450927
20.0,16.0,1e-05,no,12.0,bce,"(40, 20, 10)",0.8484010262079856
20.0,16.0,1e-05,no,12.0,bce,"(60, 30, 15)",0.8604404090940679
20.0,16.0,1e-05,no,12.0,wbce,"(20, 10, 5)",0.7334323345247822
20.0,16.0,1e-05,no,12.0,wbce,"(40, 20, 10)",0.7908386051405768
20.0,16.0,1e-05,no,12.0,wbce,"(60, 30, 15)",0.8614383995330842
20.0,32.0,0.001,yes,6.0,bce,"(20, 10, 5)",0.7717964365209316
20.0,32.0,0.001,yes,6.0,bce,"(40, 20, 10)",0.8529296210019387
20.0,32.0,0.001,yes,6.0,bce,"(60, 30, 15)",0.8832485554678029
20.0,32.0,0.001,yes,6.0,wbce,"(20, 10, 5)",0.7600575450035173
20.0,32.0,0.001,yes,6.0,wbce,"(40, 20, 10)",0.8217500137836081
20.0,32.0,0.001,yes,6.0,wbce,"(60, 30, 15)",0.8523739224847167
20.0,32.0,0.001,yes,9.0,bce,"(20, 10, 5)",0.7855540153124205
20.0,32.0,0.001,yes,9.0,bce,"(40, 20, 10)",0.8666404077981866
20.0,32.0,0.001,yes,9.0,bce,"(60, 30, 15)",0.8946326003224713
20.0,32.0,0.001,yes,9.0,wbce,"(20, 10, 5)",0.7872540427042738
20.0,32.0,0.001,yes,9.0,wbce,"(40, 20, 10)",0.8364155015438652
20.0,32.0,0.001,yes,9.0,wbce,"(60, 30, 15)",0.8756946435032806
20.0,32.0,0.001,yes,12.0,bce,"(20, 10, 5)",0.8044195071539947
20.0,32.0,0.001,yes,12.0,bce,"(40, 20, 10)",0.8225541740071313
20.0,32.0,0.001,yes,12.0,bce,"(60, 30, 15)",0.8361367645598143
20.0,32.0,0.001,yes,12.0,wbce,"(20, 10, 5)",0.811710020247964
20.0,32.0,0.001,yes,12.0,wbce,"(40, 20, 10)",0.8681793323922734
20.0,32.0,0.001,yes,12.0,wbce,"(60, 30, 15)",0.8623949640476428
20.0,32.0,0.001,no,6.0,bce,"(20, 10, 5)",0.8596922528379819
20.0,32.0,0.001,no,6.0,bce,"(40, 20, 10)",0.8779244978092721
20.0,32.0,0.001,no,6.0,bce,"(60, 30, 15)",0.8853390676602008
20.0,32.0,0.001,no,6.0,wbce,"(20, 10, 5)",0.8153907563570001
20.0,32.0,0.001,no,6.0,wbce,"(40, 20, 10)",0.836262540308821
20.0,32.0,0.001,no,6.0,wbce,"(60, 30, 15)",0.8359731178839572
20.0,32.0,0.001,no,9.0,bce,"(20, 10, 5)",0.8668121189015672
20.0,32.0,0.001,no,9.0,bce,"(40, 20, 10)",0.8873227615031923
20.0,32.0,0.001,no,9.0,bce,"(60, 30, 15)",0.8878836678890645
20.0,32.0,0.001,no,9.0,wbce,"(20, 10, 5)",0.8566182771902394
20.0,32.0,0.001,no,9.0,wbce,"(40, 20, 10)",0.8541839455729524
20.0,32.0,0.001,no,9.0,wbce,"(60, 30, 15)",0.8696330029482232
20.0,32.0,0.001,no,12.0,bce,"(20, 10, 5)",0.8637562320155352
20.0,32.0,0.001,no,12.0,bce,"(40, 20, 10)",0.864424764607453
20.0,32.0,0.001,no,12.0,bce,"(60, 30, 15)",0.8702030339646912
20.0,32.0,0.001,no,12.0,wbce,"(20, 10, 5)",0.8704035156920026
20.0,32.0,0.001,no,12.0,wbce,"(40, 20, 10)",0.8861012377014542
20.0,32.0,0.001,no,12.0,wbce,"(60, 30, 15)",0.8624578019893749
20.0,32.0,0.0001,yes,6.0,bce,"(20, 10, 5)",0.6877841733723153
20.0,32.0,0.0001,yes,6.0,bce,"(40, 20, 10)",0.72619685865901
20.0,32.0,0.0001,yes,6.0,bce,"(60, 30, 15)",0.7426886948990766
20.0,32.0,0.0001,yes,6.0,wbce,"(20, 10, 5)",0.6685164648945041
20.0,32.0,0.0001,yes,6.0,wbce,"(40, 20, 10)",0.6758142470124032
20.0,32.0,0.0001,yes,6.0,wbce,"(60, 30, 15)",0.717020949983799
20.0,32.0,0.0001,yes,9.0,bce,"(20, 10, 5)",0.6938418793630228
20.0,32.0,0.0001,yes,9.0,bce,"(40, 20, 10)",0.7332146869183079
20.0,32.0,0.0001,yes,9.0,bce,"(60, 30, 15)",0.7663743056138851
20.0,32.0,0.0001,yes,9.0,wbce,"(20, 10, 5)",0.6752413618281238
20.0,32.0,0.0001,yes,9.0,wbce,"(40, 20, 10)",0.7108589659517063
20.0,32.0,0.0001,yes,9.0,wbce,"(60, 30, 15)",0.751965455315676
20.0,32.0,0.0001,yes,12.0,bce,"(20, 10, 5)",0.7343655448921368
20.0,32.0,0.0001,yes,12.0,bce,"(40, 20, 10)",0.7716391335852119
20.0,32.0,0.0001,yes,12.0,bce,"(60, 30, 15)",0.8063332812843163
20.0,32.0,0.0001,yes,12.0,wbce,"(20, 10, 5)",0.6891794568611523
20.0,32.0,0.0001,yes,12.0,wbce,"(40, 20, 10)",0.7499852518916873
20.0,32.0,0.0001,yes,12.0,wbce,"(60, 30, 15)",0.7188626088377902
20.0,32.0,0.0001,no,6.0,bce,"(20, 10, 5)",0.8308926263198012
20.0,32.0,0.0001,no,6.0,bce,"(40, 20, 10)",0.8452213340875786
20.0,32.0,0.0001,no,6.0,bce,"(60, 30, 15)",0.8789290230026038
20.0,32.0,0.0001,no,6.0,wbce,"(20, 10, 5)",0.8153383490581388
20.0,32.0,0.0001,no,6.0,wbce,"(40, 20, 10)",0.8684107053881407
20.0,32.0,0.0001,no,6.0,wbce,"(60, 30, 15)",0.8771605986787346
20.0,32.0,0.0001,no,9.0,bce,"(20, 10, 5)",0.8348120190485292
20.0,32.0,0.0001,no,9.0,bce,"(40, 20, 10)",0.8369153469927829
20.0,32.0,0.0001,no,9.0,bce,"(60, 30, 15)",0.857238556886495
20.0,32.0,0.0001,no,9.0,wbce,"(20, 10, 5)",0.8407951015192506
20.0,32.0,0.0001,no,9.0,wbce,"(40, 20, 10)",0.889226287856035
20.0,32.0,0.0001,no,9.0,wbce,"(60, 30, 15)",0.8619748305309015
20.0,32.0,0.0001,no,12.0,bce,"(20, 10, 5)",0.8435536403562033
20.0,32.0,0.0001,no,12.0,bce,"(40, 20, 10)",0.8546485454940687
20.0,32.0,0.0001,no,12.0,bce,"(60, 30, 15)",0.8608527820751165
20.0,32.0,0.0001,no,12.0,wbce,"(20, 10, 5)",0.8464769866690717
20.0,32.0,0.0001,no,12.0,wbce,"(40, 20, 10)",0.8520136374297803
20.0,32.0,0.0001,no,12.0,wbce,"(60, 30, 15)",0.8379446614484327
20.0,32.0,1e-05,yes,6.0,bce,"(20, 10, 5)",0.6766281367859229
20.0,32.0,1e-05,yes,6.0,bce,"(40, 20, 10)",0.6442028310089319
20.0,32.0,1e-05,yes,6.0,bce,"(60, 30, 15)",0.6469934348459844
20.0,32.0,1e-05,yes,6.0,wbce,"(20, 10, 5)",0.7176744109941967
20.0,32.0,1e-05,yes,6.0,wbce,"(40, 20, 10)",0.6574140654925343
20.0,32.0,1e-05,yes,6.0,wbce,"(60, 30, 15)",0.6401571648040592
20.0,32.0,1e-05,yes,9.0,bce,"(20, 10, 5)",0.6669178649549785
20.0,32.0,1e-05,yes,9.0,bce,"(40, 20, 10)",0.6524980912635968
20.0,32.0,1e-05,yes,9.0,bce,"(60, 30, 15)",0.6796390463982425
20.0,32.0,1e-05,yes,9.0,wbce,"(20, 10, 5)",0.6859627712913254
20.0,32.0,1e-05,yes,9.0,wbce,"(40, 20, 10)",0.6764399035973666
20.0,32.0,1e-05,yes,9.0,wbce,"(60, 30, 15)",0.6841659318643704
20.0,32.0,1e-05,yes,12.0,bce,"(20, 10, 5)",0.7021507279096882
20.0,32.0,1e-05,yes,12.0,bce,"(40, 20, 10)",0.6647774838012612
20.0,32.0,1e-05,yes,12.0,bce,"(60, 30, 15)",0.6731549642832139
20.0,32.0,1e-05,yes,12.0,wbce,"(20, 10, 5)",0.6706003019323186
20.0,32.0,1e-05,yes,12.0,wbce,"(40, 20, 10)",0.6548299042391253
20.0,32.0,1e-05,yes,12.0,wbce,"(60, 30, 15)",0.6841506057941742
20.0,32.0,1e-05,no,6.0,bce,"(20, 10, 5)",0.7269517495432565
20.0,32.0,1e-05,no,6.0,bce,"(40, 20, 10)",0.7805064562353999
20.0,32.0,1e-05,no,6.0,bce,"(60, 30, 15)",0.8235671176482399
20.0,32.0,1e-05,no,6.0,wbce,"(20, 10, 5)",0.6882498353016514
20.0,32.0,1e-05,no,6.0,wbce,"(40, 20, 10)",0.7422778863268703
20.0,32.0,1e-05,no,6.0,wbce,"(60, 30, 15)",0.8150502897187449
20.0,32.0,1e-05,no,9.0,bce,"(20, 10, 5)",0.7412450009067477
20.0,32.0,1e-05,no,9.0,bce,"(40, 20, 10)",0.8070476251367565
20.0,32.0,1e-05,no,9.0,bce,"(60, 30, 15)",0.8570789273807223
20.0,32.0,1e-05,no,9.0,wbce,"(20, 10, 5)",0.7172206925483585
20.0,32.0,1e-05,no,9.0,wbce,"(40, 20, 10)",0.7672145998938781
20.0,32.0,1e-05,no,9.0,wbce,"(60, 30, 15)",0.7704804162085733
20.0,32.0,1e-05,no,12.0,bce,"(20, 10, 5)",0.7529008707059875
20.0,32.0,1e-05,no,12.0,bce,"(40, 20, 10)",0.8412284762273279
20.0,32.0,1e-05,no,12.0,bce,"(60, 30, 15)",0.8313608905852082
20.0,32.0,1e-05,no,12.0,wbce,"(20, 10, 5)",0.7383052676347178
20.0,32.0,1e-05,no,12.0,wbce,"(40, 20, 10)",0.8556238644258171
20.0,32.0,1e-05,no,12.0,wbce,"(60, 30, 15)",0.7797152721795556
20.0,64.0,0.001,yes,6.0,bce,"(20, 10, 5)",0.7786521135907581
20.0,64.0,0.001,yes,6.0,bce,"(40, 20, 10)",0.8394557304606778
20.0,64.0,0.001,yes,6.0,bce,"(60, 30, 15)",0.8491489507244386
20.0,64.0,0.001,yes,6.0,wbce,"(20, 10, 5)",0.7404958477509415
20.0,64.0,0.001,yes,6.0,wbce,"(40, 20, 10)",0.8153835205481056
20.0,64.0,0.001,yes,6.0,wbce,"(60, 30, 15)",0.8335809234696319
20.0,64.0,0.001,yes,9.0,bce,"(20, 10, 5)",0.7694638672284974
20.0,64.0,0.001,yes,9.0,bce,"(40, 20, 10)",0.8521929792888091
20.0,64.0,0.001,yes,9.0,bce,"(60, 30, 15)",0.8557823207309906
20.0,64.0,0.001,yes,9.0,wbce,"(20, 10, 5)",0.7598121116176665
20.0,64.0,0.001,yes,9.0,wbce,"(40, 20, 10)",0.8374316208041491
20.0,64.0,0.001,yes,9.0,wbce,"(60, 30, 15)",0.8224289749223619
20.0,64.0,0.001,yes,12.0,bce,"(20, 10, 5)",0.822560433451379
20.0,64.0,0.001,yes,12.0,bce,"(40, 20, 10)",0.874899267851637
20.0,64.0,0.001,yes,12.0,bce,"(60, 30, 15)",0.8245034618799915
20.0,64.0,0.001,yes,12.0,wbce,"(20, 10, 5)",0.7804071741518722
20.0,64.0,0.001,yes,12.0,wbce,"(40, 20, 10)",0.8094142353462993
20.0,64.0,0.001,yes,12.0,wbce,"(60, 30, 15)",0.8193451846882246
20.0,64.0,0.001,no,6.0,bce,"(20, 10, 5)",0.8655243958338273
20.0,64.0,0.001,no,6.0,bce,"(40, 20, 10)",0.8685273755418567
20.0,64.0,0.001,no,6.0,bce,"(60, 30, 15)",0.851393865580791
20.0,64.0,0.001,no,6.0,wbce,"(20, 10, 5)",0.8571937250192153
20.0,64.0,0.001,no,6.0,wbce,"(40, 20, 10)",0.8649207740373531
20.0,64.0,0.001,no,6.0,wbce,"(60, 30, 15)",0.8779249661811529
20.0,64.0,0.001,no,9.0,bce,"(20, 10, 5)",0.8740491878940743
20.0,64.0,0.001,no,9.0,bce,"(40, 20, 10)",0.8874547540701397
20.0,64.0,0.001,no,9.0,bce,"(60, 30, 15)",0.8656455778326052
20.0,64.0,0.001,no,9.0,wbce,"(20, 10, 5)",0.8581007106326904
20.0,64.0,0.001,no,9.0,wbce,"(40, 20, 10)",0.8777884690809356
20.0,64.0,0.001,no,9.0,wbce,"(60, 30, 15)",0.8758791566885841
20.0,64.0,0.001,no,12.0,bce,"(20, 10, 5)",0.8607213583646532
20.0,64.0,0.001,no,12.0,bce,"(40, 20, 10)",0.8657438986999823
20.0,64.0,0.001,no,12.0,bce,"(60, 30, 15)",0.8775619586738931
20.0,64.0,0.001,no,12.0,wbce,"(20, 10, 5)",0.860314873454083
20.0,64.0,0.001,no,12.0,wbce,"(40, 20, 10)",0.8592809235161109
20.0,64.0,0.001,no,12.0,wbce,"(60, 30, 15)",0.8596817345748645
20.0,64.0,0.0001,yes,6.0,bce,"(20, 10, 5)",0.6505095934613113
20.0,64.0,0.0001,yes,6.0,bce,"(40, 20, 10)",0.724704748176745
20.0,64.0,0.0001,yes,6.0,bce,"(60, 30, 15)",0.7611028352943902
20.0,64.0,0.0001,yes,6.0,wbce,"(20, 10, 5)",0.6567843471526157
20.0,64.0,0.0001,yes,6.0,wbce,"(40, 20, 10)",0.6888772136637362
20.0,64.0,0.0001,yes,6.0,wbce,"(60, 30, 15)",0.696417118104455
20.0,64.0,0.0001,yes,9.0,bce,"(20, 10, 5)",0.6424728441568024
20.0,64.0,0.0001,yes,9.0,bce,"(40, 20, 10)",0.7686101073468491
20.0,64.0,0.0001,yes,9.0,bce,"(60, 30, 15)",0.737324567454762
20.0,64.0,0.0001,yes,9.0,wbce,"(20, 10, 5)",0.6820289836602642
20.0,64.0,0.0001,yes,9.0,wbce,"(40, 20, 10)",0.702664049280855
20.0,64.0,0.0001,yes,9.0,wbce,"(60, 30, 15)",0.6816729423145637
20.0,64.0,0.0001,yes,12.0,bce,"(20, 10, 5)",0.6708016446938467
20.0,64.0,0.0001,yes,12.0,bce,"(40, 20, 10)",0.7474731782513554
20.0,64.0,0.0001,yes,12.0,bce,"(60, 30, 15)",0.7417413669715555
20.0,64.0,0.0001,yes,12.0,wbce,"(20, 10, 5)",0.6652164665640933
20.0,64.0,0.0001,yes,12.0,wbce,"(40, 20, 10)",0.7089274267082054
20.0,64.0,0.0001,yes,12.0,wbce,"(60, 30, 15)",0.7101594176577956
20.0,64.0,0.0001,no,6.0,bce,"(20, 10, 5)",0.8290080189670556
20.0,64.0,0.0001,no,6.0,bce,"(40, 20, 10)",0.8615025407046737
20.0,64.0,0.0001,no,6.0,bce,"(60, 30, 15)",0.8712328915989581
20.0,64.0,0.0001,no,6.0,wbce,"(20, 10, 5)",0.8270322612854861
20.0,64.0,0.0001,no,6.0,wbce,"(40, 20, 10)",0.8409997587551096
20.0,64.0,0.0001,no,6.0,wbce,"(60, 30, 15)",0.8899619681953251
20.0,64.0,0.0001,no,9.0,bce,"(20, 10, 5)",0.8398061533829839
20.0,64.0,0.0001,no,9.0,bce,"(40, 20, 10)",0.8781750816322264
20.0,64.0,0.0001,no,9.0,bce,"(60, 30, 15)",0.8886115801073154
20.0,64.0,0.0001,no,9.0,wbce,"(20, 10, 5)",0.8456106239460451
20.0,64.0,0.0001,no,9.0,wbce,"(40, 20, 10)",0.8759656502025609
20.0,64.0,0.0001,no,9.0,wbce,"(60, 30, 15)",0.8728770578327297
20.0,64.0,0.0001,no,12.0,bce,"(20, 10, 5)",0.8600550638638428
20.0,64.0,0.0001,no,12.0,bce,"(40, 20, 10)",0.8670003707168416
20.0,64.0,0.0001,no,12.0,bce,"(60, 30, 15)",0.8609180267204346
20.0,64.0,0.0001,no,12.0,wbce,"(20, 10, 5)",0.872045606268603
20.0,64.0,0.0001,no,12.0,wbce,"(40, 20, 10)",0.8770104648325168
20.0,64.0,0.0001,no,12.0,wbce,"(60, 30, 15)",0.8663862412663542
20.0,64.0,1e-05,yes,6.0,bce,"(20, 10, 5)",0.6302437248481007
20.0,64.0,1e-05,yes,6.0,bce,"(40, 20, 10)",0.6544150693704119
20.0,64.0,1e-05,yes,6.0,bce,"(60, 30, 15)",0.6975794831072863
20.0,64.0,1e-05,yes,6.0,wbce,"(20, 10, 5)",0.6825022744534591
20.0,64.0,1e-05,yes,6.0,wbce,"(40, 20, 10)",0.6686771668277153
20.0,64.0,1e-05,yes,6.0,wbce,"(60, 30, 15)",0.6331156144448961
20.0,64.0,1e-05,yes,9.0,bce,"(20, 10, 5)",0.6995950815875053
20.0,64.0,1e-05,yes,9.0,bce,"(40, 20, 10)",0.6344769248854122
20.0,64.0,1e-05,yes,9.0,bce,"(60, 30, 15)",0.6673618196611714
20.0,64.0,1e-05,yes,9.0,wbce,"(20, 10, 5)",0.6173900343874585
20.0,64.0,1e-05,yes,9.0,wbce,"(40, 20, 10)",0.6790325092539726
20.0,64.0,1e-05,yes,9.0,wbce,"(60, 30, 15)",0.6284780242214021
20.0,64.0,1e-05,yes,12.0,bce,"(20, 10, 5)",0.6939759642238146
20.0,64.0,1e-05,yes,12.0,bce,"(40, 20, 10)",0.667328164638901
20.0,64.0,1e-05,yes,12.0,bce,"(60, 30, 15)",0.670825060357921
20.0,64.0,1e-05,yes,12.0,wbce,"(20, 10, 5)",0.6872859334536635
20.0,64.0,1e-05,yes,12.0,wbce,"(40, 20, 10)",0.6826727987954024
20.0,64.0,1e-05,yes,12.0,wbce,"(60, 30, 15)",0.6651646873244692
20.0,64.0,1e-05,no,6.0,bce,"(20, 10, 5)",0.7272614533957699
20.0,64.0,1e-05,no,6.0,bce,"(40, 20, 10)",0.7752914191616371
20.0,64.0,1e-05,no,6.0,bce,"(60, 30, 15)",0.8338883475562205
20.0,64.0,1e-05,no,6.0,wbce,"(20, 10, 5)",0.6931168278817283
20.0,64.0,1e-05,no,6.0,wbce,"(40, 20, 10)",0.7543950641307097
20.0,64.0,1e-05,no,6.0,wbce,"(60, 30, 15)",0.7503506021021839
20.0,64.0,1e-05,no,9.0,bce,"(20, 10, 5)",0.7677546390404798
20.0,64.0,1e-05,no,9.0,bce,"(40, 20, 10)",0.7930714448136619
20.0,64.0,1e-05,no,9.0,bce,"(60, 30, 15)",0.8473097399628654
20.0,64.0,1e-05,no,9.0,wbce,"(20, 10, 5)",0.7268759106315247
20.0,64.0,1e-05,no,9.0,wbce,"(40, 20, 10)",0.733417876945527
20.0,64.0,1e-05,no,9.0,wbce,"(60, 30, 15)",0.7587976264263485
20.0,64.0,1e-05,no,12.0,bce,"(20, 10, 5)",0.7431438413940176
20.0,64.0,1e-05,no,12.0,bce,"(40, 20, 10)",0.8110270701159058
20.0,64.0,1e-05,no,12.0,bce,"(60, 30, 15)",0.8222599451450856
20.0,64.0,1e-05,no,12.0,wbce,"(20, 10, 5)",0.7532287276763557
20.0,64.0,1e-05,no,12.0,wbce,"(40, 20, 10)",0.8014539445786717
20.0,64.0,1e-05,no,12.0,wbce,"(60, 30, 15)",0.7637923021127749
25.0,16.0,0.001,yes,6.0,bce,"(20, 10, 5)",0.8007055107712636
25.0,16.0,0.001,yes,6.0,bce,"(40, 20, 10)",0.8111401599655931
25.0,16.0,0.001,yes,6.0,bce,"(60, 30, 15)",0.8597424720962404
25.0,16.0,0.001,yes,6.0,wbce,"(20, 10, 5)",0.7854718254998171
25.0,16.0,0.001,yes,6.0,wbce,"(40, 20, 10)",0.841298160283973
25.0,16.0,0.001,yes,6.0,wbce,"(60, 30, 15)",0.8569062125289238
25.0,16.0,0.001,yes,9.0,bce,"(20, 10, 5)",0.8444463499829498
25.0,16.0,0.001,yes,9.0,bce,"(40, 20, 10)",0.8985908220262266
25.0,16.0,0.001,yes,9.0,bce,"(60, 30, 15)",0.8906803024185869
25.0,16.0,0.001,yes,9.0,wbce,"(20, 10, 5)",0.7923255256422563
25.0,16.0,0.001,yes,9.0,wbce,"(40, 20, 10)",0.8840164772363587
25.0,16.0,0.001,yes,9.0,wbce,"(60, 30, 15)",0.8831632808455501
25.0,16.0,0.001,yes,12.0,bce,"(20, 10, 5)",0.8557519072375833
25.0,16.0,0.001,yes,12.0,bce,"(40, 20, 10)",0.8625377757673646
25.0,16.0,0.001,yes,12.0,bce,"(60, 30, 15)",0.8662416952966182
25.0,16.0,0.001,yes,12.0,wbce,"(20, 10, 5)",0.8351990130131114
25.0,16.0,0.001,yes,12.0,wbce,"(40, 20, 10)",0.8583289669518526
25.0,16.0,0.001,yes,12.0,wbce,"(60, 30, 15)",0.8650823747566654
25.0,16.0,0.001,no,6.0,bce,"(20, 10, 5)",0.8787861647384538
25.0,16.0,0.001,no,6.0,bce,"(40, 20, 10)",0.8674765741380281
25.0,16.0,0.001,no,6.0,bce,"(60, 30, 15)",0.897217200731229
25.0,16.0,0.001,no,6.0,wbce,"(20, 10, 5)",0.8493300749024613
25.0,16.0,0.001,no,6.0,wbce,"(40, 20, 10)",0.8823291864225623
25.0,16.0,0.001,no,6.0,wbce,"(60, 30, 15)",0.8777203482276624
25.0,16.0,0.001,no,9.0,bce,"(20, 10, 5)",0.8639670343864226
25.0,16.0,0.001,no,9.0,bce,"(40, 20, 10)",0.8900825698910758
25.0,16.0,0.001,no,9.0,bce,"(60, 30, 15)",0.8925883728249936
25.0,16.0,0.001,no,9.0,wbce,"(20, 10, 5)",0.8646087917988963
25.0,16.0,0.001,no,9.0,wbce,"(40, 20, 10)",0.9149398333298526
25.0,16.0,0.001,no,9.0,wbce,"(60, 30, 15)",0.8965267524781245
25.0,16.0,0.001,no,12.0,bce,"(20, 10, 5)",0.8746831784813768
25.0,16.0,0.001,no,12.0,bce,"(40, 20, 10)",0.8945902052054003
25.0,16.0,0.001,no,12.0,bce,"(60, 30, 15)",0.9092855925935228
25.0,16.0,0.001,no,12.0,wbce,"(20, 10, 5)",0.868590824120158
25.0,16.0,0.001,no,12.0,wbce,"(40, 20, 10)",0.8932163510231644
25.0,16.0,0.001,no,12.0,wbce,"(60, 30, 15)",0.8836782618251551
25.0,16.0,0.0001,yes,6.0,bce,"(20, 10, 5)",0.664486969190714
25.0,16.0,0.0001,yes,6.0,bce,"(40, 20, 10)",0.7023876350220378
25.0,16.0,0.0001,yes,6.0,bce,"(60, 30, 15)",0.7697879620997284
25.0,16.0,0.0001,yes,6.0,wbce,"(20, 10, 5)",0.6434109651594578
25.0,16.0,0.0001,yes,6.0,wbce,"(40, 20, 10)",0.6967503057470735
25.0,16.0,0.0001,yes,6.0,wbce,"(60, 30, 15)",0.7757552180232888
25.0,16.0,0.0001,yes,9.0,bce,"(20, 10, 5)",0.6895166073141715
25.0,16.0,0.0001,yes,9.0,bce,"(40, 20, 10)",0.7719674535997548
25.0,16.0,0.0001,yes,9.0,bce,"(60, 30, 15)",0.8097421539589115
25.0,16.0,0.0001,yes,9.0,wbce,"(20, 10, 5)",0.6453439426376325
25.0,16.0,0.0001,yes,9.0,wbce,"(40, 20, 10)",0.7228676777850845
25.0,16.0,0.0001,yes,9.0,wbce,"(60, 30, 15)",0.7182140190615319
25.0,16.0,0.0001,yes,12.0,bce,"(20, 10, 5)",0.710758505573526
25.0,16.0,0.0001,yes,12.0,bce,"(40, 20, 10)",0.7592896872609559
25.0,16.0,0.0001,yes,12.0,bce,"(60, 30, 15)",0.7731948502738915
25.0,16.0,0.0001,yes,12.0,wbce,"(20, 10, 5)",0.7103908878778974
25.0,16.0,0.0001,yes,12.0,wbce,"(40, 20, 10)",0.7269971907379631
25.0,16.0,0.0001,yes,12.0,wbce,"(60, 30, 15)",0.7651542045350886
25.0,16.0,0.0001,no,6.0,bce,"(20, 10, 5)",0.8372217870410982
25.0,16.0,0.0001,no,6.0,bce,"(40, 20, 10)",0.8400676627689716
25.0,16.0,0.0001,no,6.0,bce,"(60, 30, 15)",0.8608631005781984
25.0,16.0,0.0001,no,6.0,wbce,"(20, 10, 5)",0.8331263958869136
25.0,16.0,0.0001,no,6.0,wbce,"(40, 20, 10)",0.8978382980758693
25.0,16.0,0.0001,no,6.0,wbce,"(60, 30, 15)",0.872673438257732
25.0,16.0,0.0001,no,9.0,bce,"(20, 10, 5)",0.8416484747475729
25.0,16.0,0.0001,no,9.0,bce,"(40, 20, 10)",0.8752562609604758
25.0,16.0,0.0001,no,9.0,bce,"(60, 30, 15)",0.8527940894919911
25.0,16.0,0.0001,no,9.0,wbce,"(20, 10, 5)",0.854893910789882
25.0,16.0,0.0001,no,9.0,wbce,"(40, 20, 10)",0.8966862059151781
25.0,16.0,0.0001,no,9.0,wbce,"(60, 30, 15)",0.8585905205607863
25.0,16.0,0.0001,no,12.0,bce,"(20, 10, 5)",0.8562677140525671
25.0,16.0,0.0001,no,12.0,bce,"(40, 20, 10)",0.8832181013087436
25.0,16.0,0.0001,no,12.0,bce,"(60, 30, 15)",0.8893650575699491
25.0,16.0,0.0001,no,12.0,wbce,"(20, 10, 5)",0.850997291333361
25.0,16.0,0.0001,no,12.0,wbce,"(40, 20, 10)",0.8926256506112907
25.0,16.0,0.0001,no,12.0,wbce,"(60, 30, 15)",0.8795116110710278
25.0,16.0,1e-05,yes,6.0,bce,"(20, 10, 5)",0.6822841560530887
25.0,16.0,1e-05,yes,6.0,bce,"(40, 20, 10)",0.676363392433883
25.0,16.0,1e-05,yes,6.0,bce,"(60, 30, 15)",0.6842833347264129
25.0,16.0,1e-05,yes,6.0,wbce,"(20, 10, 5)",0.6511014762284463
25.0,16.0,1e-05,yes,6.0,wbce,"(40, 20, 10)",0.6645874060582871
25.0,16.0,1e-05,yes,6.0,wbce,"(60, 30, 15)",0.6676649891815117
25.0,16.0,1e-05,yes,9.0,bce,"(20, 10, 5)",0.650970649757562
25.0,16.0,1e-05,yes,9.0,bce,"(40, 20, 10)",0.6889934448277687
25.0,16.0,1e-05,yes,9.0,bce,"(60, 30, 15)",0.658647373675532
25.0,16.0,1e-05,yes,9.0,wbce,"(20, 10, 5)",0.6616161969294524
25.0,16.0,1e-05,yes,9.0,wbce,"(40, 20, 10)",0.652259778067566
25.0,16.0,1e-05,yes,9.0,wbce,"(60, 30, 15)",0.6752723241623036
25.0,16.0,1e-05,yes,12.0,bce,"(20, 10, 5)",0.668506438799774
25.0,16.0,1e-05,yes,12.0,bce,"(40, 20, 10)",0.6863957285392326
25.0,16.0,1e-05,yes,12.0,bce,"(60, 30, 15)",0.7080359427387389
25.0,16.0,1e-05,yes,12.0,wbce,"(20, 10, 5)",0.6561245280457473
25.0,16.0,1e-05,yes,12.0,wbce,"(40, 20, 10)",0.6881094195435812
25.0,16.0,1e-05,yes,12.0,wbce,"(60, 30, 15)",0.6688108062579254
25.0,16.0,1e-05,no,6.0,bce,"(20, 10, 5)",0.7265511944652491
25.0,16.0,1e-05,no,6.0,bce,"(40, 20, 10)",0.8093563469252514
25.0,16.0,1e-05,no,6.0,bce,"(60, 30, 15)",0.8286366768558135
25.0,16.0,1e-05,no,6.0,wbce,"(20, 10, 5)",0.702287436413742
25.0,16.0,1e-05,no,6.0,wbce,"(40, 20, 10)",0.825505655629115
25.0,16.0,1e-05,no,6.0,wbce,"(60, 30, 15)",0.8221346742681486
25.0,16.0,1e-05,no,9.0,bce,"(20, 10, 5)",0.7833876509520402
25.0,16.0,1e-05,no,9.0,bce,"(40, 20, 10)",0.8744418763461469
25.0,16.0,1e-05,no,9.0,bce,"(60, 30, 15)",0.8558845062469013
25.0,16.0,1e-05,no,9.0,wbce,"(20, 10, 5)",0.7488575902947613
25.0,16.0,1e-05,no,9.0,wbce,"(40, 20, 10)",0.8181731268182156
25.0,16.0,1e-05,no,9.0,wbce,"(60, 30, 15)",0.8600061330684333
25.0,16.0,1e-05,no,12.0,bce,"(20, 10, 5)",0.7944799017873599
25.0,16.0,1e-05,no,12.0,bce,"(40, 20, 10)",0.8629281098723668
25.0,16.0,1e-05,no,12.0,bce,"(60, 30, 15)",0.8832870868728762
25.0,16.0,1e-05,no,12.0,wbce,"(20, 10, 5)",0.7618664969399952
25.0,16.0,1e-05,no,12.0,wbce,"(40, 20, 10)",0.8545462950393775
25.0,16.0,1e-05,no,12.0,wbce,"(60, 30, 15)",0.8282674969783025
25.0,32.0,0.001,yes,6.0,bce,"(20, 10, 5)",0.7722901849779714
25.0,32.0,0.001,yes,6.0,bce,"(40, 20, 10)",0.830706163047167
25.0,32.0,0.001,yes,6.0,bce,"(60, 30, 15)",0.8610376740193507
25.0,32.0,0.001,yes,6.0,wbce,"(20, 10, 5)",0.7384183563724213
25.0,32.0,0.001,yes,6.0,wbce,"(40, 20, 10)",0.8060371927246807
25.0,32.0,0.001,yes,6.0,wbce,"(60, 30, 15)",0.8535915441643217
25.0,32.0,0.001,yes,9.0,bce,"(20, 10, 5)",0.8448954256905857
25.0,32.0,0.001,yes,9.0,bce,"(40, 20, 10)",0.8609792466491446
25.0,32.0,0.001,yes,9.0,bce,"(60, 30, 15)",0.8533169985648689
25.0,32.0,0.001,yes,9.0,wbce,"(20, 10, 5)",0.793869697360042
25.0,32.0,0.001,yes,9.0,wbce,"(40, 20, 10)",0.8470878763356989
25.0,32.0,0.001,yes,9.0,wbce,"(60, 30, 15)",0.8668449239718882
25.0,32.0,0.001,yes,12.0,bce,"(20, 10, 5)",0.8298641228258856
25.0,32.0,0.001,yes,12.0,bce,"(40, 20, 10)",0.8710962632721463
25.0,32.0,0.001,yes,12.0,bce,"(60, 30, 15)",0.8796233328879431
25.0,32.0,0.001,yes,12.0,wbce,"(20, 10, 5)",0.8220414416238482
25.0,32.0,0.001,yes,12.0,wbce,"(40, 20, 10)",0.8441335891852894
25.0,32.0,0.001,yes,12.0,wbce,"(60, 30, 15)",0.8657850216363915
25.0,32.0,0.001,no,6.0,bce,"(20, 10, 5)",0.8335056473609792
25.0,32.0,0.001,no,6.0,bce,"(40, 20, 10)",0.875697329827659
25.0,32.0,0.001,no,6.0,bce,"(60, 30, 15)",0.8848684416684138
25.0,32.0,0.001,no,6.0,wbce,"(20, 10, 5)",0.841633216849684
25.0,32.0,0.001,no,6.0,wbce,"(40, 20, 10)",0.8606737717521736
25.0,32.0,0.001,no,6.0,wbce,"(60, 30, 15)",0.8552290875856579
25.0,32.0,0.001,no,9.0,bce,"(20, 10, 5)",0.8477065360109016
25.0,32.0,0.001,no,9.0,bce,"(40, 20, 10)",0.8501955349103844
25.0,32.0,0.001,no,9.0,bce,"(60, 30, 15)",0.8655722956924924
25.0,32.0,0.001,no,9.0,wbce,"(20, 10, 5)",0.8632801140069842
25.0,32.0,0.001,no,9.0,wbce,"(40, 20, 10)",0.8696768824079553
25.0,32.0,0.001,no,9.0,wbce,"(60, 30, 15)",0.8554730632116377
25.0,32.0,0.001,no,12.0,bce,"(20, 10, 5)",0.8681355914894672
25.0,32.0,0.001,no,12.0,bce,"(40, 20, 10)",0.8725773455246678
25.0,32.0,0.001,no,12.0,bce,"(60, 30, 15)",0.8706001702804088
25.0,32.0,0.001,no,12.0,wbce,"(20, 10, 5)",0.8669292377576734
25.0,32.0,0.001,no,12.0,wbce,"(40, 20, 10)",0.8516059302651452
25.0,32.0,0.001,no,12.0,wbce,"(60, 30, 15)",0.8401136651973448
25.0,32.0,0.0001,yes,6.0,bce,"(20, 10, 5)",0.6653253590201039
25.0,32.0,0.0001,yes,6.0,bce,"(40, 20, 10)",0.7084177485559066
25.0,32.0,0.0001,yes,6.0,bce,"(60, 30, 15)",0.7530453093147202
25.0,32.0,0.0001,yes,6.0,wbce,"(20, 10, 5)",0.6503093646537615
25.0,32.0,0.0001,yes,6.0,wbce,"(40, 20, 10)",0.6517599899088483
25.0,32.0,0.0001,yes,6.0,wbce,"(60, 30, 15)",0.7076052575710658
25.0,32.0,0.0001,yes,9.0,bce,"(20, 10, 5)",0.7130154118774946
25.0,32.0,0.0001,yes,9.0,bce,"(40, 20, 10)",0.7092219842604078
25.0,32.0,0.0001,yes,9.0,bce,"(60, 30, 15)",0.7914548612194255
25.0,32.0,0.0001,yes,9.0,wbce,"(20, 10, 5)",0.6666365199981601
25.0,32.0,0.0001,yes,9.0,wbce,"(40, 20, 10)",0.741547068062047
25.0,32.0,0.0001,yes,9.0,wbce,"(60, 30, 15)",0.7329425084538288
25.0,32.0,0.0001,yes,12.0,bce,"(20, 10, 5)",0.7233710766830334
25.0,32.0,0.0001,yes,12.0,bce,"(40, 20, 10)",0.794247050993422
25.0,32.0,0.0001,yes,12.0,bce,"(60, 30, 15)",0.8144680018129465
25.0,32.0,0.0001,yes,12.0,wbce,"(20, 10, 5)",0.6827242777123078
25.0,32.0,0.0001,yes,12.0,wbce,"(40, 20, 10)",0.7446465630163019
25.0,32.0,0.0001,yes,12.0,wbce,"(60, 30, 15)",0.7640478310863162
25.0,32.0,0.0001,no,6.0,bce,"(20, 10, 5)",0.8239020139463887
25.0,32.0,0.0001,no,6.0,bce,"(40, 20, 10)",0.833619821901821
25.0,32.0,0.0001,no,6.0,bce,"(60, 30, 15)",0.8385453165331013
25.0,32.0,0.0001,no,6.0,wbce,"(20, 10, 5)",0.8153582534436318
25.0,32.0,0.0001,no,6.0,wbce,"(40, 20, 10)",0.8622558399445784
25.0,32.0,0.0001,no,6.0,wbce,"(60, 30, 15)",0.8292803552350044
25.0,32.0,0.0001,no,9.0,bce,"(20, 10, 5)",0.818344523962951
25.0,32.0,0.0001,no,9.0,bce,"(40, 20, 10)",0.842614170978608
25.0,32.0,0.0001,no,9.0,bce,"(60, 30, 15)",0.8464663961040596
25.0,32.0,0.0001,no,9.0,wbce,"(20, 10, 5)",0.838555782931162
25.0,32.0,0.0001,no,9.0,wbce,"(40, 20, 10)",0.8789934580826645
25.0,32.0,0.0001,no,9.0,wbce,"(60, 30, 15)",0.8317881420705634
25.0,32.0,0.0001,no,12.0,bce,"(20, 10, 5)",0.8329904132396041
25.0,32.0,0.0001,no,12.0,bce,"(40, 20, 10)",0.861024994828354
25.0,32.0,0.0001,no,12.0,bce,"(60, 30, 15)",0.8881072135486109
25.0,32.0,0.0001,no,12.0,wbce,"(20, 10, 5)",0.8468707010333719
25.0,32.0,0.0001,no,12.0,wbce,"(40, 20, 10)",0.8777144536555784
25.0,32.0,0.0001,no,12.0,wbce,"(60, 30, 15)",0.8412822633976003
25.0,32.0,1e-05,yes,6.0,bce,"(20, 10, 5)",0.6522423743624256
25.0,32.0,1e-05,yes,6.0,bce,"(40, 20, 10)",0.6804179907624408
25.0,32.0,1e-05,yes,6.0,bce,"(60, 30, 15)",0.6914528099629328
25.0,32.0,1e-05,yes,6.0,wbce,"(20, 10, 5)",0.6572398273839625
25.0,32.0,1e-05,yes,6.0,wbce,"(40, 20, 10)",0.6740682303033093
25.0,32.0,1e-05,yes,6.0,wbce,"(60, 30, 15)",0.6830056509975502
25.0,32.0,1e-05,yes,9.0,bce,"(20, 10, 5)",0.6881683984212033
25.0,32.0,1e-05,yes,9.0,bce,"(40, 20, 10)",0.6522926859160109
25.0,32.0,1e-05,yes,9.0,bce,"(60, 30, 15)",0.675124646133774
25.0,32.0,1e-05,yes,9.0,wbce,"(20, 10, 5)",0.6639583660098837
25.0,32.0,1e-05,yes,9.0,wbce,"(40, 20, 10)",0.6801989123674693
25.0,32.0,1e-05,yes,9.0,wbce,"(60, 30, 15)",0.6465195374952937
25.0,32.0,1e-05,yes,12.0,bce,"(20, 10, 5)",0.6228458782651703
25.0,32.0,1e-05,yes,12.0,bce,"(40, 20, 10)",0.6851850489809582
25.0,32.0,1e-05,yes,12.0,bce,"(60, 30, 15)",0.7064532740834283
25.0,32.0,1e-05,yes,12.0,wbce,"(20, 10, 5)",0.6913435859323488
25.0,32.0,1e-05,yes,12.0,wbce,"(40, 20, 10)",0.653059175237721
25.0,32.0,1e-05,yes,12.0,wbce,"(60, 30, 15)",0.6863385344352597
25.0,32.0,1e-05,no,6.0,bce,"(20, 10, 5)",0.7235331477868554
25.0,32.0,1e-05,no,6.0,bce,"(40, 20, 10)",0.8001643641459902
25.0,32.0,1e-05,no,6.0,bce,"(60, 30, 15)",0.8531407006553321
25.0,32.0,1e-05,no,6.0,wbce,"(20, 10, 5)",0.6988662398070252
25.0,32.0,1e-05,no,6.0,wbce,"(40, 20, 10)",0.7684683852787879
25.0,32.0,1e-05,no,6.0,wbce,"(60, 30, 15)",0.8667321300409107
25.0,32.0,1e-05,no,9.0,bce,"(20, 10, 5)",0.8491311762471595
25.0,32.0,1e-05,no,9.0,bce,"(40, 20, 10)",0.8782826946995783
25.0,32.0,1e-05,no,9.0,bce,"(60, 30, 15)",0.881402823548281
25.0,32.0,1e-05,no,9.0,wbce,"(20, 10, 5)",0.8205174071551223
25.0,32.0,1e-05,no,9.0,wbce,"(40, 20, 10)",0.8496250271591119
25.0,32.0,1e-05,no,9.0,wbce,"(60, 30, 15)",0.8658380410649543
25.0,32.0,1e-05,no,12.0,bce,"(20, 10, 5)",0.8650910186302406
25.0,32.0,1e-05,no,12.0,bce,"(40, 20, 10)",0.8802016825701425
25.0,32.0,1e-05,no,12.0,bce,"(60, 30, 15)",0.8714652473663532
25.0,32.0,1e-05,no,12.0,wbce,"(20, 10, 5)",0.8489617213265016
25.0,32.0,1e-05,no,12.0,wbce,"(40, 20, 10)",0.8669316289482651
25.0,32.0,1e-05,no,12.0,wbce,"(60, 30, 15)",0.8479963549461643
25.0,64.0,0.001,yes,6.0,bce,"(20, 10, 5)",0.8512849521340634
25.0,64.0,0.001,yes,6.0,bce,"(40, 20, 10)",0.8840000648519092
25.0,64.0,0.001,yes,6.0,bce,"(60, 30, 15)",0.8863098826724766
25.0,64.0,0.001,yes,6.0,wbce,"(20, 10, 5)",0.8541620935304399
25.0,64.0,0.001,yes,6.0,wbce,"(40, 20, 10)",0.8649063428853943
25.0,64.0,0.001,yes,6.0,wbce,"(60, 30, 15)",0.8652465663600796
25.0,64.0,0.001,yes,9.0,bce,"(20, 10, 5)",0.867422370023406
25.0,64.0,0.001,yes,9.0,bce,"(40, 20, 10)",0.8847697441435193
25.0,64.0,0.001,yes,9.0,bce,"(60, 30, 15)",0.8944396244488004
25.0,64.0,0.001,yes,9.0,wbce,"(20, 10, 5)",0.864920358702648
25.0,64.0,0.001,yes,9.0,wbce,"(40, 20, 10)",0.8730585927170919
25.0,64.0,0.001,yes,9.0,wbce,"(60, 30, 15)",0.8687541929811061
25.0,64.0,0.001,yes,12.0,bce,"(20, 10, 5)",0.8824281896551233
25.0,64.0,0.001,yes,12.0,bce,"(40, 20, 10)",0.8896552725995935
25.0,64.0,0.001,yes,12.0,bce,"(60, 30, 15)",0.8868693672058622
25.0,64.0,0.001,yes,12.0,wbce,"(20, 10, 5)",0.8812635140045364
25.0,64.0,0.001,yes,12.0,wbce,"(40, 20, 10)",0.8862012190648233
25.0,64.0,0.001,yes,12.0,wbce,"(60, 30, 15)",0.8723601171746639
25.0,64.0,0.001,no,6.0,bce,"(20, 10, 5)",0.8749756571388415
25.0,64.0,0.001,no,6.0,bce,"(40, 20, 10)",0.8659526684073876
25.0,64.0,0.001,no,6.0,bce,"(60, 30, 15)",0.8611508454588236
25.0,64.0,0.001,no,6.0,wbce,"(20, 10, 5)",0.8694072682769605
25.0,64.0,0.001,no,6.0,wbce,"(40, 20, 10)",0.8506458453021515
25.0,64.0,0.001,no,6.0,wbce,"(60, 30, 15)",0.8585341711793633
25.0,64.0,0.001,no,9.0,bce,"(20, 10, 5)",0.868475275260684
25.0,64.0,0.001,no,9.0,bce,"(40, 20, 10)",0.8763822978001237
25.0,64.0,0.001,no,9.0,bce,"(60, 30, 15)",0.8648387347769958
25.0,64.0,0.001,no,9.0,wbce,"(20, 10, 5)",0.8693424593925498
25.0,64.0,0.001,no,9.0,wbce,"(40, 20, 10)",0.8770503652130149
25.0,64.0,0.001,no,9.0,wbce,"(60, 30, 15)",0.8515659490410908
25.0,64.0,0.001,no,12.0,bce,"(20, 10, 5)",0.8746048512885825
25.0,64.0,0.001,no,12.0,bce,"(40, 20, 10)",0.8706678410301371
25.0,64.0,0.001,no,12.0,bce,"(60, 30, 15)",0.84267819639796
25.0,64.0,0.001,no,12.0,wbce,"(20, 10, 5)",0.8657892458071138
25.0,64.0,0.001,no,12.0,wbce,"(40, 20, 10)",0.8716246037993205
25.0,64.0,0.001,no,12.0,wbce,"(60, 30, 15)",0.8596337123943997
25.0,64.0,0.0001,yes,6.0,bce,"(20, 10, 5)",0.7205194374194583
25.0,64.0,0.0001,yes,6.0,bce,"(40, 20, 10)",0.7756294640482585
25.0,64.0,0.0001,yes,6.0,bce,"(60, 30, 15)",0.7928793259390664
25.0,64.0,0.0001,yes,6.0,wbce,"(20, 10, 5)",0.615639848801533
25.0,64.0,0.0001,yes,6.0,wbce,"(40, 20, 10)",0.6909757516106204
25.0,64.0,0.0001,yes,6.0,wbce,"(60, 30, 15)",0.7505621569623234
25.0,64.0,0.0001,yes,9.0,bce,"(20, 10, 5)",0.746077333799375
25.0,64.0,0.0001,yes,9.0,bce,"(40, 20, 10)",0.7908567407965957
25.0,64.0,0.0001,yes,9.0,bce,"(60, 30, 15)",0.8134813415836764
25.0,64.0,0.0001,yes,9.0,wbce,"(20, 10, 5)",0.6851686315669926
25.0,64.0,0.0001,yes,9.0,wbce,"(40, 20, 10)",0.7479672671744305
25.0,64.0,0.0001,yes,9.0,wbce,"(60, 30, 15)",0.7722691344476136
25.0,64.0,0.0001,yes,12.0,bce,"(20, 10, 5)",0.7793448734243421
25.0,64.0,0.0001,yes,12.0,bce,"(40, 20, 10)",0.8063971212366695
25.0,64.0,0.0001,yes,12.0,bce,"(60, 30, 15)",0.8140976187612493
25.0,64.0,0.0001,yes,12.0,wbce,"(20, 10, 5)",0.7509653217007214
25.0,64.0,0.0001,yes,12.0,wbce,"(40, 20, 10)",0.7557991054173278
25.0,64.0,0.0001,yes,12.0,wbce,"(60, 30, 15)",0.805232361831628
25.0,64.0,0.0001,no,6.0,bce,"(20, 10, 5)",0.8898872996320395
25.0,64.0,0.0001,no,6.0,bce,"(40, 20, 10)",0.8854160580480291
25.0,64.0,0.0001,no,6.0,bce,"(60, 30, 15)",0.8801011762468276
25.0,64.0,0.0001,no,6.0,wbce,"(20, 10, 5)",0.8847426200907952
25.0,64.0,0.0001,no,6.0,wbce,"(40, 20, 10)",0.883121789474472
25.0,64.0,0.0001,no,6.0,wbce,"(60, 30, 15)",0.8730684994926476
25.0,64.0,0.0001,no,9.0,bce,"(20, 10, 5)",0.8740467897901333
25.0,64.0,0.0001,no,9.0,bce,"(40, 20, 10)",0.8650242748556295
25.0,64.0,0.0001,no,9.0,bce,"(60, 30, 15)",0.8584014401126119
25.0,64.0,0.0001,no,9.0,wbce,"(20, 10, 5)",0.8766577934457974
25.0,64.0,0.0001,no,9.0,wbce,"(40, 20, 10)",0.8726551056821354
25.0,64.0,0.0001,no,9.0,wbce,"(60, 30, 15)",0.8662955940082512
25.0,64.0,0.0001,no,12.0,bce,"(20, 10, 5)",0.8334142977841275
25.0,64.0,0.0001,no,12.0,bce,"(40, 20, 10)",0.8571222401971701
25.0,64.0,0.0001,no,12.0,bce,"(60, 30, 15)",0.8749997680371676
25.0,64.0,0.0001,no,12.0,wbce,"(20, 10, 5)",0.8560250508804326
25.0,64.0,0.0001,no,12.0,wbce,"(40, 20, 10)",0.8287497164286348
25.0,64.0,0.0001,no,12.0,wbce,"(60, 30, 15)",0.8575565529526248
25.0,64.0,1e-05,yes,6.0,bce,"(20, 10, 5)",0.6871033950674293
25.0,64.0,1e-05,yes,6.0,bce,"(40, 20, 10)",0.6600854239356059
25.0,64.0,1e-05,yes,6.0,bce,"(60, 30, 15)",0.6347933200458628
25.0,64.0,1e-05,yes,6.0,wbce,"(20, 10, 5)",0.6600976304232719
25.0,64.0,1e-05,yes,6.0,wbce,"(40, 20, 10)",0.6847331124074031
25.0,64.0,1e-05,yes,6.0,wbce,"(60, 30, 15)",0.6204278582341622
25.0,64.0,1e-05,yes,9.0,bce,"(20, 10, 5)",0.6864067305105612
25.0,64.0,1e-05,yes,9.0,bce,"(40, 20, 10)",0.6848880204578304
25.0,64.0,1e-05,yes,9.0,bce,"(60, 30, 15)",0.6528612453597834
25.0,64.0,1e-05,yes,9.0,wbce,"(20, 10, 5)",0.6457615777530995
25.0,64.0,1e-05,yes,9.0,wbce,"(40, 20, 10)",0.6312192414180592
25.0,64.0,1e-05,yes,9.0,wbce,"(60, 30, 15)",0.6757628998342057
25.0,64.0,1e-05,yes,12.0,bce,"(20, 10, 5)",0.6520006623962669
25.0,64.0,1e-05,yes,12.0,bce,"(40, 20, 10)",0.6998564346531085
25.0,64.0,1e-05,yes,12.0,bce,"(60, 30, 15)",0.6736209530744569
25.0,64.0,1e-05,yes,12.0,wbce,"(20, 10, 5)",0.6718484554051894
25.0,64.0,1e-05,yes,12.0,wbce,"(40, 20, 10)",0.6608898003251579
25.0,64.0,1e-05,yes,12.0,wbce,"(60, 30, 15)",0.664665882644688
25.0,64.0,1e-05,no,6.0,bce,"(20, 10, 5)",0.7004816607043006
25.0,64.0,1e-05,no,6.0,bce,"(40, 20, 10)",0.7960721976760453
25.0,64.0,1e-05,no,6.0,bce,"(60, 30, 15)",0.84341668127814
25.0,64.0,1e-05,no,6.0,wbce,"(20, 10, 5)",0.6876301527893499
25.0,64.0,1e-05,no,6.0,wbce,"(40, 20, 10)",0.760504448718021
25.0,64.0,1e-05,no,6.0,wbce,"(60, 30, 15)",0.8346388560597316
25.0,64.0,1e-05,no,9.0,bce,"(20, 10, 5)",0.7387031050479931
25.0,64.0,1e-05,no,9.0,bce,"(40, 20, 10)",0.8030303091778203
25.0,64.0,1e-05,no,9.0,bce,"(60, 30, 15)",0.8329734208821958
25.0,64.0,1e-05,no,9.0,wbce,"(20, 10, 5)",0.7367955142215531
25.0,64.0,1e-05,no,9.0,wbce,"(40, 20, 10)",0.7767884350360746
25.0,64.0,1e-05,no,9.0,wbce,"(60, 30, 15)",0.7570581105598676
25.0,64.0,1e-05,no,12.0,bce,"(20, 10, 5)",0.7750688011369106
25.0,64.0,1e-05,no,12.0,bce,"(40, 20, 10)",0.8332764211725016
25.0,64.0,1e-05,no,12.0,bce,"(60, 30, 15)",0.8204372486030659
25.0,64.0,1e-05,no,12.0,wbce,"(20, 10, 5)",0.7301139098181518
25.0,64.0,1e-05,no,12.0,wbce,"(40, 20, 10)",0.7538368283614756
25.0,64.0,1e-05,no,12.0,wbce,"(60, 30, 15)",0.7812894492635043
